cycle,strategy,distance_km,duration_s,avg_speed_kmh,fuel_kg,fuel_l,l_per_100km_raw,l_per_100km_soc_corrected,range_km_on_tank,soc_start,soc_end,soc_min_seen,soc_max_seen,regen_wheel_kwh,braking_wheel_kwh,regen_share_of_braking,mguh_kwh,engine_on_fraction,engine_starts,mean_engine_eff_when_on,shortfall_kwh,max_shortfall_kw
urban,ICE-only baseline,4.2779,588.0,26.1914,0.288,0.3865,9.0355,9.0355,520.1726,nan,nan,nan,nan,0.0,0.5307,0.0,0.0,0.7857,0,0.2498,0.0,0.0
urban,Hybrid: rule-based,4.2779,588.0,26.1914,0.1414,0.1897,4.4355,4.2337,1110.132,0.55,0.5691,0.5375,0.5697,0.4764,0.5639,0.8448,0.0,0.1667,14,0.3399,0.0,0.0
urban,Hybrid: ECMS,4.2779,588.0,26.1914,0.1351,0.1814,4.2397,4.2901,1095.5494,0.55,0.5452,0.5133,0.5496,0.4764,0.5639,0.8448,0.0127,0.0595,14,0.3674,0.0,0.0
suburban,ICE-only baseline,7.6245,582.0,47.1621,0.3256,0.4371,5.7329,5.7329,819.8332,nan,nan,nan,nan,0.0,0.408,0.0,0.0,0.8144,0,0.2656,0.0,0.0
suburban,Hybrid: rule-based,7.6245,582.0,47.1621,0.2403,0.3226,4.2311,4.0864,1150.149,0.55,0.5744,0.5428,0.575,0.3649,0.4348,0.8392,0.0,0.5052,6,0.288,0.0,0.0
suburban,Hybrid: ECMS,7.6245,582.0,47.1621,0.2035,0.2731,3.5822,3.5486,1324.4728,0.55,0.5557,0.5048,0.5688,0.3649,0.4348,0.8392,0.0171,0.1082,6,0.3667,0.0,0.0
highway,ICE-only baseline,27.1601,876.0,111.617,1.1422,1.5332,5.6449,5.6449,832.6137,nan,nan,nan,nan,0.0,0.2097,0.0,0.0,0.9326,0,0.3398,0.0,0.0
highway,Hybrid: rule-based,27.1601,876.0,111.617,1.1407,1.5311,5.6374,5.5272,850.336,0.55,0.6163,0.5395,0.6167,0.1949,0.2297,0.8486,0.0079,0.9167,3,0.3404,0.0,0.0
highway,Hybrid: ECMS,27.1601,876.0,111.617,1.1018,1.4789,5.4451,5.4435,863.4203,0.55,0.551,0.392,0.6674,0.1949,0.2297,0.8486,0.0316,0.6758,3,0.3538,0.0,0.0
mixed,ICE-only baseline,37.5348,1836.0,73.5976,1.653,2.2187,5.9112,5.9112,795.1046,nan,nan,nan,nan,0.0,0.9589,0.0,0.0,0.8649,0,0.3151,0.0,0.0
mixed,Hybrid: rule-based,37.5348,1836.0,73.5976,1.4549,1.9529,5.2028,5.1479,913.0,0.55,0.5957,0.5375,0.6167,0.8661,1.027,0.8433,0.0074,0.6318,18,0.331,0.0,0.0
mixed,Hybrid: ECMS,37.5348,1836.0,73.5976,1.3944,1.8717,4.9865,4.9777,944.2079,0.55,0.5573,0.4167,0.7022,0.8661,1.027,0.8433,0.0562,0.3725,18,0.3557,0.0,0.0
aggressive,ICE-only baseline,6.7614,335.0,72.6603,0.7207,0.9674,14.3072,14.3072,328.5055,nan,nan,nan,nan,0.0,2.0499,0.0,0.0,0.7164,0,0.3564,0.0,0.0
aggressive,Hybrid: rule-based,6.7614,335.0,72.6603,0.6015,0.8074,11.9416,11.2452,417.9575,0.55,0.6543,0.549,0.6547,1.0309,2.1831,0.4722,0.0695,0.597,10,0.3537,0.0,0.0
aggressive,Hybrid: ECMS,6.7614,335.0,72.6603,0.5526,0.7417,10.9698,10.9748,428.2526,0.55,0.5493,0.4821,0.5502,1.0309,2.1831,0.4722,0.0746,0.3284,10,0.3636,0.0,0.0
