variant,mixed_ice_l_per_100km,mixed_ecms_l_per_100km,mixed_saving_pct,mixed_mguh_kwh,aggressive_ice_l_per_100km,aggressive_ecms_l_per_100km,aggressive_saving_pct,aggressive_mguh_kwh,hybrid_burst_top_speed_kmh,burst_duration_s_initial_soc
baseline assumptions,5.911,4.978,15.79,0.0562,14.307,10.975,23.29,0.0746,278.3,48.1
MGU-H off,5.911,5.001,15.4,0.0,14.307,11.177,21.88,0.0,278.3,37.0
MGU-H backpressure penalty 0,5.911,4.965,16.01,0.059,14.307,10.854,24.14,0.0745,278.3,48.1
MGU-H backpressure penalty 3,5.911,5.007,15.29,0.0435,14.307,11.217,21.6,0.0709,278.3,48.1
"MGU-H generous (F1-like, phi 0.25)",5.911,4.897,17.16,0.4269,14.307,10.442,27.02,0.2136,278.3,133.4
battery 0.75 kWh,5.911,4.974,15.85,0.0514,14.307,10.976,23.28,0.0745,278.3,24.1
battery 3.0 kWh,5.911,4.977,15.81,0.0568,14.307,10.975,23.29,0.0745,278.3,96.3
e-machine 20 kW,5.911,4.952,16.22,0.0491,14.307,12.658,11.53,0.078,268.3,136.0
e-machine 60 kW,5.911,4.974,15.85,0.0654,14.307,10.022,29.95,0.0647,287.6,29.2
Cd 0.28,5.749,4.818,16.19,0.0797,14.173,10.839,23.52,0.0719,284.4,48.1
Cd 0.32,6.074,5.142,15.34,0.0601,14.442,11.117,23.02,0.0766,272.7,48.1
regen limited to 50 % of braking,5.911,5.225,11.6,0.0641,14.307,11.395,20.36,0.0809,278.3,48.1
