speed_kmh,crank_kw,l_per_100km,range_km,engine_alone_feasible
40,2.195,4.46,1053.881,True
50,3.138,4.064,1156.463,True
60,4.343,3.917,1199.919,True
70,5.863,3.932,1195.187,True
80,7.75,4.068,1155.293,True
90,10.058,4.301,1092.695,True
100,12.838,4.618,1017.669,True
110,16.143,5.012,937.78,True
120,20.025,5.477,858.099,True
130,24.538,6.012,781.723,True
140,29.733,6.617,710.334,True
150,35.663,7.29,644.675,True
160,42.38,8.036,584.903,True
170,49.938,8.854,530.834,True
180,58.388,9.749,482.103,True
190,67.783,10.724,438.263,True
200,78.175,11.784,398.845,True
210,89.618,12.934,363.395,True
220,102.163,14.179,331.484,True
230,115.863,15.526,302.726,True
240,130.77,16.982,276.771,True
250,146.938,18.554,253.311,True
260,164.418,nan,nan,False
270,183.263,nan,nan,False
280,203.526,nan,nan,False
